,images,masks,lines
0,../front_detection/training-data-zone/DBE/PALSAR/2006-07-03_PALSAR_20_3.png,../front_detection/training-data-zone/DBE/PALSAR/2006-07-03_PALSAR_20_3_zones.png,../front_detection/training-data-zone/DBE/PALSAR/2006-07-03_PALSAR_20_3_front.png
1,../front_detection/training-data-zone/SI/ERS/1996-01-22_ERS_20_3.png,../front_detection/training-data-zone/SI/ERS/1996-01-22_ERS_20_3_zones.png,../front_detection/training-data-zone/SI/ERS/1996-01-22_ERS_20_3_front.png
2,../front_detection/training-data-zone/SI/PALSAR/2006-07-03_PALSAR_20_3.png,../front_detection/training-data-zone/SI/PALSAR/2006-07-03_PALSAR_20_3_zones.png,../front_detection/training-data-zone/SI/PALSAR/2006-07-03_PALSAR_20_3_front.png
3,../front_detection/training-data-zone/SI/ENVI/2009-02-22_ENVISAT_20_2.png,../front_detection/training-data-zone/SI/ENVI/2009-02-22_ENVISAT_20_2_zones.png,../front_detection/training-data-zone/SI/ENVI/2009-02-22_ENVISAT_20_2_front.png
4,../front_detection/training-data-zone/SI/RSat/2006-08-10_RSAT_20_3.png,../front_detection/training-data-zone/SI/RSat/2006-08-10_RSAT_20_3_zones.png,../front_detection/training-data-zone/SI/RSat/2006-08-10_RSAT_20_3_front.png
5,../front_detection/training-data-zone/SI/RSat/2005-04-17_RSAT_20_3.png,../front_detection/training-data-zone/SI/RSat/2005-04-17_RSAT_20_3_zones.png,../front_detection/training-data-zone/SI/RSat/2005-04-17_RSAT_20_3_front.png
6,../front_detection/training-data-zone/SI/ERS/1996-01-24_ERS_20_4.png,../front_detection/training-data-zone/SI/ERS/1996-01-24_ERS_20_4_zones.png,../front_detection/training-data-zone/SI/ERS/1996-01-24_ERS_20_4_front.png
7,../front_detection/training-data-zone/SI/RSat/2004-09-13_RSAT_20_5.png,../front_detection/training-data-zone/SI/RSat/2004-09-13_RSAT_20_5_zones.png,../front_detection/training-data-zone/SI/RSat/2004-09-13_RSAT_20_5_front.png
8,../front_detection/training-data-zone/DBE/TSX/2009-10-23_TSX_10_2.png,../front_detection/training-data-zone/DBE/TSX/2009-10-23_TSX_10_2_zones.png,../front_detection/training-data-zone/DBE/TSX/2009-10-23_TSX_10_2_front.png
9,../front_detection/training-data-zone/SI/TSX/2014-12-11_TDX_5_4.png,../front_detection/training-data-zone/SI/TSX/2014-12-11_TDX_5_4_zones.png,../front_detection/training-data-zone/SI/TSX/2014-12-11_TDX_5_4_front.png
10,../front_detection/training-data-zone/DBE/TSX/2013-12-23_TSX_10_2.png,../front_detection/training-data-zone/DBE/TSX/2013-12-23_TSX_10_2_zones.png,../front_detection/training-data-zone/DBE/TSX/2013-12-23_TSX_10_2_front.png
11,../front_detection/training-data-zone/SI/ENVI/2008-08-31_ENVISAT_20_4.png,../front_detection/training-data-zone/SI/ENVI/2008-08-31_ENVISAT_20_4_zones.png,../front_detection/training-data-zone/SI/ENVI/2008-08-31_ENVISAT_20_4_front.png
12,../front_detection/training-data-zone/DBE/RSat/2000-09-19_RSAT_20_3.png,../front_detection/training-data-zone/DBE/RSat/2000-09-19_RSAT_20_3_zones.png,../front_detection/training-data-zone/DBE/RSat/2000-09-19_RSAT_20_3_front.png
13,../front_detection/training-data-zone/DBE/ERS/1999-11-10_ERS_20_4.png,../front_detection/training-data-zone/DBE/ERS/1999-11-10_ERS_20_4_zones.png,../front_detection/training-data-zone/DBE/ERS/1999-11-10_ERS_20_4_front.png
14,../front_detection/training-data-zone/DBE/PALSAR/2010-10-21_PALSAR_20_4.png,../front_detection/training-data-zone/DBE/PALSAR/2010-10-21_PALSAR_20_4_zones.png,../front_detection/training-data-zone/DBE/PALSAR/2010-10-21_PALSAR_20_4_front.png
15,../front_detection/training-data-zone/SI/ENVI/2007-06-03_ENVISAT_20_3.png,../front_detection/training-data-zone/SI/ENVI/2007-06-03_ENVISAT_20_3_zones.png,../front_detection/training-data-zone/SI/ENVI/2007-06-03_ENVISAT_20_3_front.png
16,../front_detection/training-data-zone/DBE/ENVI/2004-05-12_ENVISAT_20_3.png,../front_detection/training-data-zone/DBE/ENVI/2004-05-12_ENVISAT_20_3_zones.png,../front_detection/training-data-zone/DBE/ENVI/2004-05-12_ENVISAT_20_3_front.png
17,../front_detection/training-data-zone/SI/RSat/2000-10-04_RSAT_20_5.png,../front_detection/training-data-zone/SI/RSat/2000-10-04_RSAT_20_5_zones.png,../front_detection/training-data-zone/SI/RSat/2000-10-04_RSAT_20_5_front.png
18,../front_detection/training-data-zone/DBE/ENVI/2004-11-03_ENVISAT_20_4.png,../front_detection/training-data-zone/DBE/ENVI/2004-11-03_ENVISAT_20_4_zones.png,../front_detection/training-data-zone/DBE/ENVI/2004-11-03_ENVISAT_20_4_front.png
19,../front_detection/training-data-zone/SI/ENVI/2004-08-06_ENVISAT_20_4.png,../front_detection/training-data-zone/SI/ENVI/2004-08-06_ENVISAT_20_4_zones.png,../front_detection/training-data-zone/SI/ENVI/2004-08-06_ENVISAT_20_4_front.png
20,../front_detection/training-data-zone/SI/ERS/1995-11-13_ERS_20_3.png,../front_detection/training-data-zone/SI/ERS/1995-11-13_ERS_20_3_zones.png,../front_detection/training-data-zone/SI/ERS/1995-11-13_ERS_20_3_front.png
21,../front_detection/training-data-zone/DBE/TSX/2008-03-30_TSX_10_3.png,../front_detection/training-data-zone/DBE/TSX/2008-03-30_TSX_10_3_zones.png,../front_detection/training-data-zone/DBE/TSX/2008-03-30_TSX_10_3_front.png
22,../front_detection/training-data-zone/SI/ENVI/2007-09-16_ENVISAT_20_3.png,../front_detection/training-data-zone/SI/ENVI/2007-09-16_ENVISAT_20_3_zones.png,../front_detection/training-data-zone/SI/ENVI/2007-09-16_ENVISAT_20_3_front.png
23,../front_detection/training-data-zone/DBE/ENVI/2004-12-08_ERS_20_5.png,../front_detection/training-data-zone/DBE/ENVI/2004-12-08_ERS_20_5_zones.png,../front_detection/training-data-zone/DBE/ENVI/2004-12-08_ERS_20_5_front.png
24,../front_detection/training-data-zone/SI/TSX/2011-08-19_TDX_5_1.png,../front_detection/training-data-zone/SI/TSX/2011-08-19_TDX_5_1_zones.png,../front_detection/training-data-zone/SI/TSX/2011-08-19_TDX_5_1_front.png
25,../front_detection/training-data-zone/DBE/TSX/2008-11-05_TSX_10_2.png,../front_detection/training-data-zone/DBE/TSX/2008-11-05_TSX_10_2_zones.png,../front_detection/training-data-zone/DBE/TSX/2008-11-05_TSX_10_2_front.png
26,../front_detection/training-data-zone/DBE/TSX/2010-11-12_TSX_10_4.png,../front_detection/training-data-zone/DBE/TSX/2010-11-12_TSX_10_4_zones.png,../front_detection/training-data-zone/DBE/TSX/2010-11-12_TSX_10_4_front.png
27,../front_detection/training-data-zone/DBE/RSat/2006-09-03_RSAT_20_5.png,../front_detection/training-data-zone/DBE/RSat/2006-09-03_RSAT_20_5_zones.png,../front_detection/training-data-zone/DBE/RSat/2006-09-03_RSAT_20_5_front.png
28,../front_detection/training-data-zone/DBE/RSat/2007-01-01_RSAT_20_5.png,../front_detection/training-data-zone/DBE/RSat/2007-01-01_RSAT_20_5_zones.png,../front_detection/training-data-zone/DBE/RSat/2007-01-01_RSAT_20_5_front.png
29,../front_detection/training-data-zone/DBE/TSX/2014-02-05_TSX_10_1.png,../front_detection/training-data-zone/DBE/TSX/2014-02-05_TSX_10_1_zones.png,../front_detection/training-data-zone/DBE/TSX/2014-02-05_TSX_10_1_front.png
30,../front_detection/training-data-zone/SI/ERS/2006-11-21_ERS_20_3.png,../front_detection/training-data-zone/SI/ERS/2006-11-21_ERS_20_3_zones.png,../front_detection/training-data-zone/SI/ERS/2006-11-21_ERS_20_3_front.png
31,../front_detection/training-data-zone/SI/TSX/2013-10-28_TDX_5_1.png,../front_detection/training-data-zone/SI/TSX/2013-10-28_TDX_5_1_zones.png,../front_detection/training-data-zone/SI/TSX/2013-10-28_TDX_5_1_front.png
32,../front_detection/training-data-zone/DBE/RSat/2007-12-03_RSAT_20_4.png,../front_detection/training-data-zone/DBE/RSat/2007-12-03_RSAT_20_4_zones.png,../front_detection/training-data-zone/DBE/RSat/2007-12-03_RSAT_20_4_front.png
33,../front_detection/training-data-zone/DBE/ENVI/2006-10-04_ENVISAT_20_3.png,../front_detection/training-data-zone/DBE/ENVI/2006-10-04_ENVISAT_20_3_zones.png,../front_detection/training-data-zone/DBE/ENVI/2006-10-04_ENVISAT_20_3_front.png
34,../front_detection/training-data-zone/DBE/RSat/2005-05-11_RSAT_20_3.png,../front_detection/training-data-zone/DBE/RSat/2005-05-11_RSAT_20_3_zones.png,../front_detection/training-data-zone/DBE/RSat/2005-05-11_RSAT_20_3_front.png
35,../front_detection/training-data-zone/DBE/ERS/1997-03-05_ERS_20_1.png,../front_detection/training-data-zone/DBE/ERS/1997-03-05_ERS_20_1_zones.png,../front_detection/training-data-zone/DBE/ERS/1997-03-05_ERS_20_1_front.png
36,../front_detection/training-data-zone/SI/RSat/2000-09-10_RSAT_20_5.png,../front_detection/training-data-zone/SI/RSat/2000-09-10_RSAT_20_5_zones.png,../front_detection/training-data-zone/SI/RSat/2000-09-10_RSAT_20_5_front.png
37,../front_detection/training-data-zone/SI/RSat/2007-12-27_RSAT_20_2.png,../front_detection/training-data-zone/SI/RSat/2007-12-27_RSAT_20_2_zones.png,../front_detection/training-data-zone/SI/RSat/2007-12-27_RSAT_20_2_front.png
38,../front_detection/training-data-zone/DBE/TSX/2014-03-21_TSX_50_2.png,../front_detection/training-data-zone/DBE/TSX/2014-03-21_TSX_50_2_zones.png,../front_detection/training-data-zone/DBE/TSX/2014-03-21_TSX_50_2_front.png
39,../front_detection/training-data-zone/SI/TSX/2014-01-04_TDX_5_2.png,../front_detection/training-data-zone/SI/TSX/2014-01-04_TDX_5_2_zones.png,../front_detection/training-data-zone/SI/TSX/2014-01-04_TDX_5_2_front.png
40,../front_detection/training-data-zone/DBE/RSat/2004-12-18_RSAT_20_3.png,../front_detection/training-data-zone/DBE/RSat/2004-12-18_RSAT_20_3_zones.png,../front_detection/training-data-zone/DBE/RSat/2004-12-18_RSAT_20_3_front.png
41,../front_detection/training-data-zone/SI/TSX/2013-07-12_TDX_5_1.png,../front_detection/training-data-zone/SI/TSX/2013-07-12_TDX_5_1_zones.png,../front_detection/training-data-zone/SI/TSX/2013-07-12_TDX_5_1_front.png
42,../front_detection/training-data-zone/SI/ERS/1996-01-23_ERS_20_5.png,../front_detection/training-data-zone/SI/ERS/1996-01-23_ERS_20_5_zones.png,../front_detection/training-data-zone/SI/ERS/1996-01-23_ERS_20_5_front.png
43,../front_detection/training-data-zone/DBE/RSat/2006-04-12_ENVISAT_20_1.png,../front_detection/training-data-zone/DBE/RSat/2006-04-12_ENVISAT_20_1_zones.png,../front_detection/training-data-zone/DBE/RSat/2006-04-12_ENVISAT_20_1_front.png
44,../front_detection/training-data-zone/SI/TSX/2013-08-14_TDX_5_1.png,../front_detection/training-data-zone/SI/TSX/2013-08-14_TDX_5_1_zones.png,../front_detection/training-data-zone/SI/TSX/2013-08-14_TDX_5_1_front.png
45,../front_detection/training-data-zone/DBE/TSX/2011-09-09_TSX_10_1.png,../front_detection/training-data-zone/DBE/TSX/2011-09-09_TSX_10_1_zones.png,../front_detection/training-data-zone/DBE/TSX/2011-09-09_TSX_10_1_front.png
46,../front_detection/training-data-zone/DBE/TSX/2014-01-03_TSX_10_5.png,../front_detection/training-data-zone/DBE/TSX/2014-01-03_TSX_10_5_zones.png,../front_detection/training-data-zone/DBE/TSX/2014-01-03_TSX_10_5_front.png
47,../front_detection/training-data-zone/DBE/TSX/2010-11-23_TSX_50_5.png,../front_detection/training-data-zone/DBE/TSX/2010-11-23_TSX_50_5_zones.png,../front_detection/training-data-zone/DBE/TSX/2010-11-23_TSX_50_5_front.png
48,../front_detection/training-data-zone/SI/ENVI/2005-07-22_ENVISAT_20_2.png,../front_detection/training-data-zone/SI/ENVI/2005-07-22_ENVISAT_20_2_zones.png,../front_detection/training-data-zone/SI/ENVI/2005-07-22_ENVISAT_20_2_front.png
49,../front_detection/training-data-zone/SI/PALSAR/2010-10-16_PALSAR_20_3.png,../front_detection/training-data-zone/SI/PALSAR/2010-10-16_PALSAR_20_3_zones.png,../front_detection/training-data-zone/SI/PALSAR/2010-10-16_PALSAR_20_3_front.png
50,../front_detection/training-data-zone/SI/ENVI/2006-01-29_ENVISAT_20_3.png,../front_detection/training-data-zone/SI/ENVI/2006-01-29_ENVISAT_20_3_zones.png,../front_detection/training-data-zone/SI/ENVI/2006-01-29_ENVISAT_20_3_front.png
51,../front_detection/training-data-zone/SI/ENVI/2006-08-27_ENVISAT_20_3.png,../front_detection/training-data-zone/SI/ENVI/2006-08-27_ENVISAT_20_3_zones.png,../front_detection/training-data-zone/SI/ENVI/2006-08-27_ENVISAT_20_3_front.png
52,../front_detection/training-data-zone/SI/ERS/1996-02-29_ERS_20_2.png,../front_detection/training-data-zone/SI/ERS/1996-02-29_ERS_20_2_zones.png,../front_detection/training-data-zone/SI/ERS/1996-02-29_ERS_20_2_front.png
53,../front_detection/training-data-zone/DBE/TSX/2012-11-11_TSX_10_1.png,../front_detection/training-data-zone/DBE/TSX/2012-11-11_TSX_10_1_zones.png,../front_detection/training-data-zone/DBE/TSX/2012-11-11_TSX_10_1_front.png
54,../front_detection/training-data-zone/SI/TSX/2013-09-16_TDX_5_1.png,../front_detection/training-data-zone/SI/TSX/2013-09-16_TDX_5_1_zones.png,../front_detection/training-data-zone/SI/TSX/2013-09-16_TDX_5_1_front.png
55,../front_detection/training-data-zone/SI/TSX/2013-10-19_TDX_5_1.png,../front_detection/training-data-zone/SI/TSX/2013-10-19_TDX_5_1_zones.png,../front_detection/training-data-zone/SI/TSX/2013-10-19_TDX_5_1_front.png
56,../front_detection/training-data-zone/SI/ENVI/2007-01-14_ENVISAT_20_3.png,../front_detection/training-data-zone/SI/ENVI/2007-01-14_ENVISAT_20_3_zones.png,../front_detection/training-data-zone/SI/ENVI/2007-01-14_ENVISAT_20_3_front.png
57,../front_detection/training-data-zone/SI/TSX/2012-07-03_TDX_5_1.png,../front_detection/training-data-zone/SI/TSX/2012-07-03_TDX_5_1_zones.png,../front_detection/training-data-zone/SI/TSX/2012-07-03_TDX_5_1_front.png
58,../front_detection/training-data-zone/DBE/TSX/2010-11-12_TSX_50_4.png,../front_detection/training-data-zone/DBE/TSX/2010-11-12_TSX_50_4_zones.png,../front_detection/training-data-zone/DBE/TSX/2010-11-12_TSX_50_4_front.png
59,../front_detection/training-data-zone/SI/RSat/2006-02-23_RSAT_20_1.png,../front_detection/training-data-zone/SI/RSat/2006-02-23_RSAT_20_1_zones.png,../front_detection/training-data-zone/SI/RSat/2006-02-23_RSAT_20_1_front.png
60,../front_detection/training-data-zone/DBE/RSat/2007-03-14_RSAT_20_3.png,../front_detection/training-data-zone/DBE/RSat/2007-03-14_RSAT_20_3_zones.png,../front_detection/training-data-zone/DBE/RSat/2007-03-14_RSAT_20_3_front.png
61,../front_detection/training-data-zone/SI/RSat/2006-01-06_RSAT_20_2.png,../front_detection/training-data-zone/SI/RSat/2006-01-06_RSAT_20_2_zones.png,../front_detection/training-data-zone/SI/RSat/2006-01-06_RSAT_20_2_front.png
62,../front_detection/training-data-zone/SI/ENVI/2005-08-26_ENVISAT_20_2.png,../front_detection/training-data-zone/SI/ENVI/2005-08-26_ENVISAT_20_2_zones.png,../front_detection/training-data-zone/SI/ENVI/2005-08-26_ENVISAT_20_2_front.png
63,../front_detection/training-data-zone/DBE/TSX/2013-04-03_TSX_10_1.png,../front_detection/training-data-zone/DBE/TSX/2013-04-03_TSX_10_1_zones.png,../front_detection/training-data-zone/DBE/TSX/2013-04-03_TSX_10_1_front.png
64,../front_detection/training-data-zone/DBE/ERS/1992-07-05_ERS_20_5.png,../front_detection/training-data-zone/DBE/ERS/1992-07-05_ERS_20_5_zones.png,../front_detection/training-data-zone/DBE/ERS/1992-07-05_ERS_20_5_front.png
65,../front_detection/training-data-zone/SI/RSat/2005-05-11_RSAT_20_2.png,../front_detection/training-data-zone/SI/RSat/2005-05-11_RSAT_20_2_zones.png,../front_detection/training-data-zone/SI/RSat/2005-05-11_RSAT_20_2_front.png
66,../front_detection/training-data-zone/DBE/PALSAR/2009-02-13_PALSAR_20_5.png,../front_detection/training-data-zone/DBE/PALSAR/2009-02-13_PALSAR_20_5_zones.png,../front_detection/training-data-zone/DBE/PALSAR/2009-02-13_PALSAR_20_5_front.png
67,../front_detection/training-data-zone/SI/TSX/2013-11-08_TDX_5_2.png,../front_detection/training-data-zone/SI/TSX/2013-11-08_TDX_5_2_zones.png,../front_detection/training-data-zone/SI/TSX/2013-11-08_TDX_5_2_front.png
68,../front_detection/training-data-zone/SI/TSX/2012-08-16_TDX_5_1.png,../front_detection/training-data-zone/SI/TSX/2012-08-16_TDX_5_1_zones.png,../front_detection/training-data-zone/SI/TSX/2012-08-16_TDX_5_1_front.png
69,../front_detection/training-data-zone/SI/TSX/2013-12-02_TDX_5_1.png,../front_detection/training-data-zone/SI/TSX/2013-12-02_TDX_5_1_zones.png,../front_detection/training-data-zone/SI/TSX/2013-12-02_TDX_5_1_front.png
70,../front_detection/training-data-zone/DBE/PALSAR/2010-11-19_PALSAR_20_4.png,../front_detection/training-data-zone/DBE/PALSAR/2010-11-19_PALSAR_20_4_zones.png,../front_detection/training-data-zone/DBE/PALSAR/2010-11-19_PALSAR_20_4_front.png
71,../front_detection/training-data-zone/DBE/PALSAR/2010-12-01_PALSAR_20_4.png,../front_detection/training-data-zone/DBE/PALSAR/2010-12-01_PALSAR_20_4_zones.png,../front_detection/training-data-zone/DBE/PALSAR/2010-12-01_PALSAR_20_4_front.png
72,../front_detection/training-data-zone/DBE/RSat/2000-10-13_RSAT_20_4.png,../front_detection/training-data-zone/DBE/RSat/2000-10-13_RSAT_20_4_zones.png,../front_detection/training-data-zone/DBE/RSat/2000-10-13_RSAT_20_4_front.png
73,../front_detection/training-data-zone/DBE/TSX/2013-06-19_TSX_10_1.png,../front_detection/training-data-zone/DBE/TSX/2013-06-19_TSX_10_1_zones.png,../front_detection/training-data-zone/DBE/TSX/2013-06-19_TSX_10_1_front.png
74,../front_detection/training-data-zone/DBE/PALSAR/2007-11-11_PALSAR_20_4.png,../front_detection/training-data-zone/DBE/PALSAR/2007-11-11_PALSAR_20_4_zones.png,../front_detection/training-data-zone/DBE/PALSAR/2007-11-11_PALSAR_20_4_front.png
75,../front_detection/training-data-zone/DBE/TSX/2011-12-28_TSX_10_2.png,../front_detection/training-data-zone/DBE/TSX/2011-12-28_TSX_10_2_zones.png,../front_detection/training-data-zone/DBE/TSX/2011-12-28_TSX_10_2_front.png
76,../front_detection/training-data-zone/DBE/ERS/2004-12-08_ERS_20_5.png,../front_detection/training-data-zone/DBE/ERS/2004-12-08_ERS_20_5_zones.png,../front_detection/training-data-zone/DBE/ERS/2004-12-08_ERS_20_5_front.png
77,../front_detection/training-data-zone/SI/TSX/2012-03-26_TDX_5_1.png,../front_detection/training-data-zone/SI/TSX/2012-03-26_TDX_5_1_zones.png,../front_detection/training-data-zone/SI/TSX/2012-03-26_TDX_5_1_front.png
78,../front_detection/training-data-zone/DBE/RSat/2006-08-10_RSAT_20_4.png,../front_detection/training-data-zone/DBE/RSat/2006-08-10_RSAT_20_4_zones.png,../front_detection/training-data-zone/DBE/RSat/2006-08-10_RSAT_20_4_front.png
79,../front_detection/training-data-zone/DBE/TSX/2011-01-17_TSX_10_4.png,../front_detection/training-data-zone/DBE/TSX/2011-01-17_TSX_10_4_zones.png,../front_detection/training-data-zone/DBE/TSX/2011-01-17_TSX_10_4_front.png
80,../front_detection/training-data-zone/DBE/TSX/2009-10-23_TSX_50_2.png,../front_detection/training-data-zone/DBE/TSX/2009-10-23_TSX_50_2_zones.png,../front_detection/training-data-zone/DBE/TSX/2009-10-23_TSX_50_2_front.png
81,../front_detection/training-data-zone/SI/ENVI/2006-07-23_ENVISAT_20_4.png,../front_detection/training-data-zone/SI/ENVI/2006-07-23_ENVISAT_20_4_zones.png,../front_detection/training-data-zone/SI/ENVI/2006-07-23_ENVISAT_20_4_front.png
82,../front_detection/training-data-zone/SI/ENVI/2005-04-08_ENVISAT_20_2.png,../front_detection/training-data-zone/SI/ENVI/2005-04-08_ENVISAT_20_2_zones.png,../front_detection/training-data-zone/SI/ENVI/2005-04-08_ENVISAT_20_2_front.png
83,../front_detection/training-data-zone/DBE/TSX/2009-11-03_TSX_10_2.png,../front_detection/training-data-zone/DBE/TSX/2009-11-03_TSX_10_2_zones.png,../front_detection/training-data-zone/DBE/TSX/2009-11-03_TSX_10_2_front.png
84,../front_detection/training-data-zone/DBE/PALSAR/2007-12-27_PALSAR_20_5.png,../front_detection/training-data-zone/DBE/PALSAR/2007-12-27_PALSAR_20_5_zones.png,../front_detection/training-data-zone/DBE/PALSAR/2007-12-27_PALSAR_20_5_front.png
85,../front_detection/training-data-zone/DBE/ENVI/2010-04-21_ENVISAT_20_6.png,../front_detection/training-data-zone/DBE/ENVI/2010-04-21_ENVISAT_20_6_zones.png,../front_detection/training-data-zone/DBE/ENVI/2010-04-21_ENVISAT_20_6_front.png
86,../front_detection/training-data-zone/DBE/TSX/2011-07-27_TSX_10_1.png,../front_detection/training-data-zone/DBE/TSX/2011-07-27_TSX_10_1_zones.png,../front_detection/training-data-zone/DBE/TSX/2011-07-27_TSX_10_1_front.png
87,../front_detection/training-data-zone/DBE/ENVI/2005-03-23_ENVISAT_20_1.png,../front_detection/training-data-zone/DBE/ENVI/2005-03-23_ENVISAT_20_1_zones.png,../front_detection/training-data-zone/DBE/ENVI/2005-03-23_ENVISAT_20_1_front.png
88,../front_detection/training-data-zone/DBE/TSX/2013-05-28_TSX_10_1.png,../front_detection/training-data-zone/DBE/TSX/2013-05-28_TSX_10_1_zones.png,../front_detection/training-data-zone/DBE/TSX/2013-05-28_TSX_10_1_front.png
89,../front_detection/training-data-zone/DBE/TSX/2011-01-17_TSX_50_4.png,../front_detection/training-data-zone/DBE/TSX/2011-01-17_TSX_50_4_zones.png,../front_detection/training-data-zone/DBE/TSX/2011-01-17_TSX_50_4_front.png
90,../front_detection/training-data-zone/SI/RSat/2004-11-24_RSAT_20_4.png,../front_detection/training-data-zone/SI/RSat/2004-11-24_RSAT_20_4_zones.png,../front_detection/training-data-zone/SI/RSat/2004-11-24_RSAT_20_4_front.png
91,../front_detection/training-data-zone/DBE/TSX/2012-06-21_TSX_10_1.png,../front_detection/training-data-zone/DBE/TSX/2012-06-21_TSX_10_1_zones.png,../front_detection/training-data-zone/DBE/TSX/2012-06-21_TSX_10_1_front.png
92,../front_detection/training-data-zone/DBE/ENVI/2007-08-15_ENVISAT_20_5.png,../front_detection/training-data-zone/DBE/ENVI/2007-08-15_ENVISAT_20_5_zones.png,../front_detection/training-data-zone/DBE/ENVI/2007-08-15_ENVISAT_20_5_front.png
93,../front_detection/training-data-zone/SI/ENVI/2004-07-02_ENVISAT_20_4.png,../front_detection/training-data-zone/SI/ENVI/2004-07-02_ENVISAT_20_4_zones.png,../front_detection/training-data-zone/SI/ENVI/2004-07-02_ENVISAT_20_4_front.png
94,../front_detection/training-data-zone/DBE/ENVI/2005-07-06_ENVISAT_20_3.png,../front_detection/training-data-zone/DBE/ENVI/2005-07-06_ENVISAT_20_3_zones.png,../front_detection/training-data-zone/DBE/ENVI/2005-07-06_ENVISAT_20_3_front.png
95,../front_detection/training-data-zone/DBE/TSX/2011-10-23_TSX_10_1.png,../front_detection/training-data-zone/DBE/TSX/2011-10-23_TSX_10_1_zones.png,../front_detection/training-data-zone/DBE/TSX/2011-10-23_TSX_10_1_front.png
96,../front_detection/training-data-zone/SI/ENVI/2005-03-04_ENVISAT_20_3.png,../front_detection/training-data-zone/SI/ENVI/2005-03-04_ENVISAT_20_3_zones.png,../front_detection/training-data-zone/SI/ENVI/2005-03-04_ENVISAT_20_3_front.png
97,../front_detection/training-data-zone/DBE/RSat/2007-02-18_RSAT_20_4.png,../front_detection/training-data-zone/DBE/RSat/2007-02-18_RSAT_20_4_zones.png,../front_detection/training-data-zone/DBE/RSat/2007-02-18_RSAT_20_4_front.png
98,../front_detection/training-data-zone/DBE/ENVI/2006-06-21_PALSAR_20_2.png,../front_detection/training-data-zone/DBE/ENVI/2006-06-21_PALSAR_20_2_zones.png,../front_detection/training-data-zone/DBE/ENVI/2006-06-21_PALSAR_20_2_front.png
99,../front_detection/training-data-zone/DBE/PALSAR/2011-01-16_PALSAR_20_4.png,../front_detection/training-data-zone/DBE/PALSAR/2011-01-16_PALSAR_20_4_zones.png,../front_detection/training-data-zone/DBE/PALSAR/2011-01-16_PALSAR_20_4_front.png
100,../front_detection/training-data-zone/SI/TSX/2012-05-20_TDX_5_1.png,../front_detection/training-data-zone/SI/TSX/2012-05-20_TDX_5_1_zones.png,../front_detection/training-data-zone/SI/TSX/2012-05-20_TDX_5_1_front.png
101,../front_detection/training-data-zone/DBE/RSat/2008-01-20_RSAT_20_4.png,../front_detection/training-data-zone/DBE/RSat/2008-01-20_RSAT_20_4_zones.png,../front_detection/training-data-zone/DBE/RSat/2008-01-20_RSAT_20_4_front.png
102,../front_detection/training-data-zone/DBE/RSat/2004-11-24_RSAT_20_3.png,../front_detection/training-data-zone/DBE/RSat/2004-11-24_RSAT_20_3_zones.png,../front_detection/training-data-zone/DBE/RSat/2004-11-24_RSAT_20_3_front.png
103,../front_detection/training-data-zone/DBE/TSX/2012-08-04_TSX_10_1.png,../front_detection/training-data-zone/DBE/TSX/2012-08-04_TSX_10_1_zones.png,../front_detection/training-data-zone/DBE/TSX/2012-08-04_TSX_10_1_front.png
104,../front_detection/training-data-zone/DBE/RSat/2004-09-13_RSAT_20_3.png,../front_detection/training-data-zone/DBE/RSat/2004-09-13_RSAT_20_3_zones.png,../front_detection/training-data-zone/DBE/RSat/2004-09-13_RSAT_20_3_front.png
105,../front_detection/training-data-zone/SI/RSat/2000-10-13_RSAT_20_5.png,../front_detection/training-data-zone/SI/RSat/2000-10-13_RSAT_20_5_zones.png,../front_detection/training-data-zone/SI/RSat/2000-10-13_RSAT_20_5_front.png
106,../front_detection/training-data-zone/SI/TSX/2012-03-04_TDX_5_1.png,../front_detection/training-data-zone/SI/TSX/2012-03-04_TDX_5_1_zones.png,../front_detection/training-data-zone/SI/TSX/2012-03-04_TDX_5_1_front.png
107,../front_detection/training-data-zone/DBE/ENVI/2007-09-19_ENVISAT_20_6.png,../front_detection/training-data-zone/DBE/ENVI/2007-09-19_ENVISAT_20_6_zones.png,../front_detection/training-data-zone/DBE/ENVI/2007-09-19_ENVISAT_20_6_front.png
108,../front_detection/training-data-zone/DBE/RSat/2007-05-01_RSAT_20_4.png,../front_detection/training-data-zone/DBE/RSat/2007-05-01_RSAT_20_4_zones.png,../front_detection/training-data-zone/DBE/RSat/2007-05-01_RSAT_20_4_front.png
109,../front_detection/training-data-zone/SI/ENVI/2004-02-13_ENVISAT_20_4.png,../front_detection/training-data-zone/SI/ENVI/2004-02-13_ENVISAT_20_4_zones.png,../front_detection/training-data-zone/SI/ENVI/2004-02-13_ENVISAT_20_4_front.png
110,../front_detection/training-data-zone/DBE/ENVI/2006-04-12_ENVISAT_20_1.png,../front_detection/training-data-zone/DBE/ENVI/2006-04-12_ENVISAT_20_1_zones.png,../front_detection/training-data-zone/DBE/ENVI/2006-04-12_ENVISAT_20_1_front.png
111,../front_detection/training-data-zone/SI/ENVI/2004-11-19_ERS_20_4.png,../front_detection/training-data-zone/SI/ENVI/2004-11-19_ERS_20_4_zones.png,../front_detection/training-data-zone/SI/ENVI/2004-11-19_ERS_20_4_front.png
112,../front_detection/training-data-zone/DBE/TSX/2013-12-01_TSX_10_2.png,../front_detection/training-data-zone/DBE/TSX/2013-12-01_TSX_10_2_zones.png,../front_detection/training-data-zone/DBE/TSX/2013-12-01_TSX_10_2_front.png
113,../front_detection/training-data-zone/SI/ENVI/2009-07-12_ENVISAT_20_3.png,../front_detection/training-data-zone/SI/ENVI/2009-07-12_ENVISAT_20_3_zones.png,../front_detection/training-data-zone/SI/ENVI/2009-07-12_ENVISAT_20_3_front.png
114,../front_detection/training-data-zone/SI/TSX/2012-08-05_TDX_5_1.png,../front_detection/training-data-zone/SI/TSX/2012-08-05_TDX_5_1_zones.png,../front_detection/training-data-zone/SI/TSX/2012-08-05_TDX_5_1_front.png
115,../front_detection/training-data-zone/SI/ERS/2002-11-12_ERS_20_4.png,../front_detection/training-data-zone/SI/ERS/2002-11-12_ERS_20_4_zones.png,../front_detection/training-data-zone/SI/ERS/2002-11-12_ERS_20_4_front.png
116,../front_detection/training-data-zone/DBE/TSX/2009-11-03_TSX_50_2.png,../front_detection/training-data-zone/DBE/TSX/2009-11-03_TSX_50_2_zones.png,../front_detection/training-data-zone/DBE/TSX/2009-11-03_TSX_50_2_front.png
117,../front_detection/training-data-zone/DBE/TSX/2012-10-31_TSX_10_1.png,../front_detection/training-data-zone/DBE/TSX/2012-10-31_TSX_10_1_zones.png,../front_detection/training-data-zone/DBE/TSX/2012-10-31_TSX_10_1_front.png
118,../front_detection/training-data-zone/DBE/ERS/1995-11-16_ERS_20_1.png,../front_detection/training-data-zone/DBE/ERS/1995-11-16_ERS_20_1_zones.png,../front_detection/training-data-zone/DBE/ERS/1995-11-16_ERS_20_1_front.png
119,../front_detection/training-data-zone/DBE/RSat/2006-01-06_RSAT_20_4.png,../front_detection/training-data-zone/DBE/RSat/2006-01-06_RSAT_20_4_zones.png,../front_detection/training-data-zone/DBE/RSat/2006-01-06_RSAT_20_4_front.png
120,../front_detection/training-data-zone/DBE/ENVI/2010-03-17_ENVISAT_20_6.png,../front_detection/training-data-zone/DBE/ENVI/2010-03-17_ENVISAT_20_6_zones.png,../front_detection/training-data-zone/DBE/ENVI/2010-03-17_ENVISAT_20_6_front.png
121,../front_detection/training-data-zone/DBE/ERS/2004-03-03_ERS_20_3.png,../front_detection/training-data-zone/DBE/ERS/2004-03-03_ERS_20_3_zones.png,../front_detection/training-data-zone/DBE/ERS/2004-03-03_ERS_20_3_front.png
122,../front_detection/training-data-zone/SI/PALSAR/2011-01-16_PALSAR_20_2.png,../front_detection/training-data-zone/SI/PALSAR/2011-01-16_PALSAR_20_2_zones.png,../front_detection/training-data-zone/SI/PALSAR/2011-01-16_PALSAR_20_2_front.png
123,../front_detection/training-data-zone/DBE/ENVI/2005-06-01_ENVISAT_20_2.png,../front_detection/training-data-zone/DBE/ENVI/2005-06-01_ENVISAT_20_2_zones.png,../front_detection/training-data-zone/DBE/ENVI/2005-06-01_ENVISAT_20_2_front.png
124,../front_detection/training-data-zone/DBE/RSat/2005-04-17_RSAT_20_2.png,../front_detection/training-data-zone/DBE/RSat/2005-04-17_RSAT_20_2_zones.png,../front_detection/training-data-zone/DBE/RSat/2005-04-17_RSAT_20_2_front.png
125,../front_detection/training-data-zone/DBE/ENVI/2004-06-16_ENVISAT_20_3.png,../front_detection/training-data-zone/DBE/ENVI/2004-06-16_ENVISAT_20_3_zones.png,../front_detection/training-data-zone/DBE/ENVI/2004-06-16_ENVISAT_20_3_front.png
126,../front_detection/training-data-zone/DBE/PALSAR/2010-12-06_PALSAR_20_3.png,../front_detection/training-data-zone/DBE/PALSAR/2010-12-06_PALSAR_20_3_zones.png,../front_detection/training-data-zone/DBE/PALSAR/2010-12-06_PALSAR_20_3_front.png
127,../front_detection/training-data-zone/DBE/ENVI/2004-04-07_ENVISAT_20_3.png,../front_detection/training-data-zone/DBE/ENVI/2004-04-07_ENVISAT_20_3_zones.png,../front_detection/training-data-zone/DBE/ENVI/2004-04-07_ENVISAT_20_3_front.png
128,../front_detection/training-data-zone/DBE/RSat/2006-05-06_RSAT_20_3.png,../front_detection/training-data-zone/DBE/RSat/2006-05-06_RSAT_20_3_zones.png,../front_detection/training-data-zone/DBE/RSat/2006-05-06_RSAT_20_3_front.png
129,../front_detection/training-data-zone/DBE/TSX/2013-07-11_TSX_10_1.png,../front_detection/training-data-zone/DBE/TSX/2013-07-11_TSX_10_1_zones.png,../front_detection/training-data-zone/DBE/TSX/2013-07-11_TSX_10_1_front.png
130,../front_detection/training-data-zone/DBE/TSX/2011-11-14_TSX_10_1.png,../front_detection/training-data-zone/DBE/TSX/2011-11-14_TSX_10_1_zones.png,../front_detection/training-data-zone/DBE/TSX/2011-11-14_TSX_10_1_front.png
131,../front_detection/training-data-zone/DBE/TSX/2010-10-10_TSX_50_2.png,../front_detection/training-data-zone/DBE/TSX/2010-10-10_TSX_50_2_zones.png,../front_detection/training-data-zone/DBE/TSX/2010-10-10_TSX_50_2_front.png
132,../front_detection/training-data-zone/SI/ERS/2004-11-19_ERS_20_4.png,../front_detection/training-data-zone/SI/ERS/2004-11-19_ERS_20_4_zones.png,../front_detection/training-data-zone/SI/ERS/2004-11-19_ERS_20_4_front.png
133,../front_detection/training-data-zone/DBE/TSX/2010-11-23_TSX_10_5.png,../front_detection/training-data-zone/DBE/TSX/2010-11-23_TSX_10_5_zones.png,../front_detection/training-data-zone/DBE/TSX/2010-11-23_TSX_10_5_front.png
134,../front_detection/training-data-zone/SI/RSat/2006-03-19_RSAT_20_2.png,../front_detection/training-data-zone/SI/RSat/2006-03-19_RSAT_20_2_zones.png,../front_detection/training-data-zone/SI/RSat/2006-03-19_RSAT_20_2_front.png
135,../front_detection/training-data-zone/SI/TSX/2012-03-15_TDX_5_1.png,../front_detection/training-data-zone/SI/TSX/2012-03-15_TDX_5_1_zones.png,../front_detection/training-data-zone/SI/TSX/2012-03-15_TDX_5_1_front.png
136,../front_detection/training-data-zone/DBE/TSX/2011-09-20_TSX_10_1.png,../front_detection/training-data-zone/DBE/TSX/2011-09-20_TSX_10_1_zones.png,../front_detection/training-data-zone/DBE/TSX/2011-09-20_TSX_10_1_front.png
137,../front_detection/training-data-zone/DBE/PALSAR/2008-12-29_PALSAR_20_5.png,../front_detection/training-data-zone/DBE/PALSAR/2008-12-29_PALSAR_20_5_zones.png,../front_detection/training-data-zone/DBE/PALSAR/2008-12-29_PALSAR_20_5_front.png
138,../front_detection/training-data-zone/SI/ENVI/2008-04-13_ENVISAT_20_2.png,../front_detection/training-data-zone/SI/ENVI/2008-04-13_ENVISAT_20_2_zones.png,../front_detection/training-data-zone/SI/ENVI/2008-04-13_ENVISAT_20_2_front.png
139,../front_detection/training-data-zone/DBE/PALSAR/2006-06-21_PALSAR_20_2.png,../front_detection/training-data-zone/DBE/PALSAR/2006-06-21_PALSAR_20_2_zones.png,../front_detection/training-data-zone/DBE/PALSAR/2006-06-21_PALSAR_20_2_front.png
140,../front_detection/training-data-zone/DBE/PALSAR/2010-01-18_PALSAR_20_5.png,../front_detection/training-data-zone/DBE/PALSAR/2010-01-18_PALSAR_20_5_zones.png,../front_detection/training-data-zone/DBE/PALSAR/2010-01-18_PALSAR_20_5_front.png
141,../front_detection/training-data-zone/SI/ENVI/2009-08-16_ENVISAT_20_3.png,../front_detection/training-data-zone/SI/ENVI/2009-08-16_ENVISAT_20_3_zones.png,../front_detection/training-data-zone/SI/ENVI/2009-08-16_ENVISAT_20_3_front.png
142,../front_detection/training-data-zone/DBE/PALSAR/2006-08-06_PALSAR_20_2.png,../front_detection/training-data-zone/DBE/PALSAR/2006-08-06_PALSAR_20_2_zones.png,../front_detection/training-data-zone/DBE/PALSAR/2006-08-06_PALSAR_20_2_front.png
143,../front_detection/training-data-zone/DBE/PALSAR/2010-10-16_PALSAR_20_4.png,../front_detection/training-data-zone/DBE/PALSAR/2010-10-16_PALSAR_20_4_zones.png,../front_detection/training-data-zone/DBE/PALSAR/2010-10-16_PALSAR_20_4_front.png
